{
  "training": {
    "dataset": "training",
    "metrics": {
      "mse": 13.45842192552809,
      "rmse": 3.668572191674588,
      "mae": 2.610381131836012,
      "r2": 0.6865027604987959
    },
    "distribution": {
      "true_stats": {
        "mean": 0.4810383674568267,
        "std": 6.5520761242281536,
        "percentiles": [
          -2.337055467896587,
          -0.0137741046832062,
          2.5831573162983235
        ]
      },
      "pred_stats": {
        "mean": 0.4721501249635337,
        "std": 3.7048883691720373,
        "percentiles": [
          -0.464919313788414,
          0.20401881635189056,
          1.0167943835258484
        ]
      }
    },
    "error_analysis": {
      "mean_error": 0.008888242493293041,
      "std_error": 3.668561424410592,
      "error_percentiles": {
        "50": 1.8971432907327253,
        "75": 3.5516128717023268,
        "90": 5.682851486944816,
        "95": 7.433170104372281,
        "99": 11.93799445156729
      }
    }
  },
  "validation": {
    "dataset": "validation",
    "metrics": {
      "mse": 35.67039571533665,
      "rmse": 5.972469817030192,
      "mae": 4.054008801045545,
      "r2": -0.1811015889651033
    },
    "distribution": {
      "true_stats": {
        "mean": -0.17696888035879027,
        "std": 5.353283504728847,
        "percentiles": [
          -2.538626342365411,
          -0.4097373098953194,
          1.8672690763052169
        ]
      },
      "pred_stats": {
        "mean": 1.173144640004373,
        "std": 2.828949545286955,
        "percentiles": [
          -0.2169286087155342,
          0.6888353526592255,
          2.4787495732307434
        ]
      }
    },
    "error_analysis": {
      "mean_error": -1.3501135203631631,
      "std_error": 5.8178680972903845,
      "error_percentiles": {
        "50": 2.721868694512871,
        "75": 5.459129202824762,
        "90": 9.15450243421293,
        "95": 11.977103587863596,
        "99": 20.338521731234177
      }
    }
  }
}